Workbook

Sheet 결제상세
A1: NO | B1: PG사 | C1: 부문 | D1: 브랜드 | E1: 상점아이디(MID) | F1: 정산액 입금일 | G1: 매출일 | H1: 교재 환불부채 | I1: 결제/취소일 | J1: 주문번호 | K1: 유하다요 구분값 | L1: 결제수단 | M1: 결제상태 | N1: 결제기관 | O1: 구매자명 | P1: 구매자 아이디 | Q1: 결제/환불 | R1: 현물출고일 | S1: 강의미공개 | T1: 교재미출고 | U1: 환급 | V1: 유하다요환급 | W1: 구매상품 | X1: IP콜라보 | Y1: 선수수익_계약부채 | Z1: 결제·취소액 (A)
A2: 1 | B2: 토스 | C2: 퍼블리싱 | D2: 유하다요 | E2: im_yuhadayo | F2: 2026-03-05 | G2: 46081 | I2: 2026-02-28 | J2: imp_073604487135 | K2: =A3&"_"&J3 | L2: 신용·체크카드 | M2: 완료 | N2: 국민카드 | O2: Yunkyung | Q2: 결제 | W2: 2026 NEW 전강좌 올패키지 MAX | Z2: 299900
A3: 2 | B3: 토스 | C3: 퍼블리싱 | D3: 유하다요 | E3: im_yuhadayo | F3: 2026-03-05 | G3: 46081 | I3: 2026-02-28 | J3: imp_833517466576 | K3: =A4&"_"&J4 | L3: 신용·체크카드 | M3: 완료 | N3: 국민카드 | O3: 문영민 | Q3: 결제 | W3: 2026 NEW 전강좌 올패키지 MAX | Z3: 299900
A4: 3 | B4: 토스 | C4: 퍼블리싱 | D4: 유하다요 | E4: im_yuhadayo | F4: 2026-03-05 | G4: 46081 | I4: 2026-02-28 | J4: imp_355302391690 | K4: =A5&"_"&J5 | L4: 신용·체크카드 | M4: 완료 | N4: 현대카드 | O4: 이수진 | Q4: 결제 | W4: 2026 NEW 전강좌 올패키지 MAX | Z4: 455100
A5: 4 | B5: 토스 | C5: 퍼블리싱 | D5: 유하다요 | E5: im_yuhadayo | F5: 2026-03-05 | G5: 46081 | I5: 2026-02-28 | J5: imp_380552097593 | K5: =A6&"_"&J6 | L5: 신용·체크카드 | M5: 완료 | N5: 국민카드 | O5: 이대웅 | Q5: 결제 | W5: 2026 NEW 전강좌 올패키지 MAX | Z5: 455100
A6: 5 | B6: 토스 | C6: 퍼블리싱 | D6: 유하다요 | E6: im_yuhadayo | F6: 2026-03-05 | G6: 46081 | I6: 2026-02-28 | J6: imp_384831894097 | K6: =A7&"_"&J7 | L6: 가상계좌 | M6: 완료 | N6: 부산 | O6: 오수현 | Q6: 결제 | W6: 2026 JLPT 합격패키지 | Z6: 269000
A7: 6 | B7: 토스 | C7: 퍼블리싱 | D7: 유하다요 | E7: im_yuhadayo | F7: 2026-03-05 | G7: 46081 | I7: 2026-02-28 | J7: imp_917309141624 | K7: =A8&"_"&J8 | L7: 신용·체크카드 | M7: 완료 | N7: 롯데카드 | O7: 전오영 | Q7: 결제 | W7: 2026 NEW 전강좌 올패키지 MAX | Z7: 249900
A8: 7 | B8: 토스 | C8: 퍼블리싱 | D8: 유하다요 | E8: im_yuhadayo | F8: 2026-03-05 | G8: 46081 | I8: 2026-02-28 | J8: imp_368210886377 | K8: =A9&"_"&J9 | L8: 신용·체크카드 | M8: 완료 | N8: 신한카드 | O8: 정다운 | Q8: 결제 | W8: 2026 NEW 전강좌 올패키지 MAX | Z8: 249900
A9: 8 | B9: 토스 | C9: 퍼블리싱 | D9: 유하다요 | E9: im_yuhadayo | F9: 2026-03-05 | G9: 46081 | I9: 2026-02-28 | J9: imp_968884602264 | K9: =A10&"_"&J10 | L9: 신용·체크카드 | M9: 완료 | N9: 국민카드 | O9: 이영란 | Q9: 결제 | W9: 2026 NEW 전강좌 올패키지 MAX | Z9: 455100
A10: 9 | B10: 토스 | C10: 퍼블리싱 | D10: 유하다요 | E10: im_yuhadayo | F10: 2026-03-05 | G10: 46081 | I10: 2026-02-28 | J10: imp_262783396153 | K10: =A11&"_"&J11 | L10: 신용·체크카드 | M10: 완료 | N10: 삼성카드 | O10: 정희정 | Q10: 결제 | W10: 2026 NEW 전강좌 올패키지 MAX | Z10: 299900
A11: 10 | B11: 토스 | C11: 퍼블리싱 | D11: 유하다요 | E11: im_yuhadayo | F11: 2026-03-05 | G11: 46081 | I11: 2026-02-28 | J11: imp_094081140288 | K11: =A12&"_"&J12 | L11: 신용·체크카드 | M11: 완료 | N11: 현대카드 | O11: 이예헌 | Q11: 결제 | W11: 2026 NEW 전강좌 올패키지 MAX | Z11: 369900
A12: 11 | B12: 토스 | C12: 퍼블리싱 | D12: 유하다요 | E12: im_yuhadayo | F12: 2026-03-05 | G12: 46081 | I12: 2026-02-28 | J12: imp_152844333283 | K12: =A13&"_"&J13 | L12: 신용·체크카드 | M12: 완료 | N12: 신한카드 | O12: 홍동희 | Q12: 결제 | W12: 2026 NEW 전강좌 올패키지 MAX | Z12: 369900
A13: 12 | B13: 토스 | C13: 퍼블리싱 | D13: 유하다요 | E13: im_yuhadayo | F13: 2026-03-05 | G13: 46081 | I13: 2026-02-28 | J13: imp_021765592025 | K13: =A14&"_"&J14 | L13: 신용·체크카드 | M13: 완료 | N13: 국민카드 | O13: 오송주 | Q13: 결제 | W13: 2026 NEW 전강좌 올패키지 MAX | Z13: 385100
... A31: 30 | B31: 토스 | C31: 퍼블리싱 | D31: 유하다요 | E31: im_yuhadayo | F31: 2026-03-05 | G31: 46081 | I31: 2026-02-28 | J31: imp_509177637397 | K31: =A32&"_"&J32 | L31: 신용·체크카드 | M31: 완료 | N31: 비씨카드 | O31: 유원우 | Q31: 결제 | W31: 2026 NEW 전강좌 올패키지 MAX | Z31: 299900
A32: 31 | B32: 토스 | C32: 포도 | D32: 포도 | E32: im_respeak | F32: 2026-03-05 | G32: 46081 | I32: 2026-02-28 | J32: PODO_F_908782_20260228T14471 | L32: 신용·체크카드 | M32: 완료 | N32: 신한카드 | O32: 김다희 | Q32: 결제 | W32: 일본어 무제한 12개월 | Z32: 1242000
A33: 32 | B33: 토스 | C33: 포도 | D33: 포도 | E33: im_respeak | F33: 2026-03-05 | G33: 46081 | I33: 2026-02-28 | J33: PODO_F_69802_20260228T14434 | L33: 신용·체크카드 | M33: 완료 | N33: 국민카드 | O33: 박경민 | Q33: 결제 | W33: 일본어 무제한 12개월 | Z33: 1272000
A34: 33 | B34: 토스 | C34: 포도 | D34: 포도 | E34: im_respeak | F34: 2026-03-05 | G34: 46081 | I34: 2026-02-28 | J34: PODO_F_907877_20260228T14153 | L34: 신용·체크카드 | M34: 완료 | N34: 해외MASTER | O34: 서유진 | Q34: 결제 | W34: 일본어 무제한 6개월 | Z34: 730200
A35: 34 | B35: 토스 | C35: 포도 | D35: 포도 | E35: im_respeak | F35: 2026-03-05 | G35: 46081 | I35: 2026-02-28 | J35: PODO_F_905489_20260228T13362 | L35: 신용·체크카드 | M35: 완료 | N35: 삼성카드 | O35: 유석현 | Q35: 결제 | W35: 일본어 무제한 12개월 | Z35: 1267000
A36: 35 | B36: 토스 | C36: 포도 | D36: 포도 | E36: im_respeak | F36: 2026-03-05 | G36: 46081 | I36: 2026-02-28 | J36: PODO_F_82679_20260228T12462 | L36: 신용·체크카드 | M36: 완료 | N36: 국민카드 | O36: 김예진 | Q36: 결제 | W36: 일본어 무제한 12개월 | Z36: 1272000
A37: 36 | B37: 토스 | C37: 포도 | D37: 포도 | E37: im_respeak | F37: 2026-03-05 | G37: 46081 | I37: 2026-02-28 | J37: PODO_F_909016_20260228T12351 | L37: 신용·체크카드 | M37: 완료 | N37: 현대카드 | O37: 가초롱 | Q37: 결제 | W37: 영어 무제한 6개월 | Z37: 510600
A38: 37 | B38: 토스 | C38: 포도 | D38: 포도 | E38: im_respeak | F38: 2026-03-05 | G38: 46081 | I38: 2026-02-28 | J38: PODO_F_908985_20260228T12070 | L38: 신용·체크카드 | M38: 완료 | N38: 현대카드 | O38: 소만성 | Q38: 결제 | W38: 일본어 라이트 3개월 | Z38: 319800
A39: 38 | B39: 토스 | C39: 포도 | D39: 포도 | E39: im_respeak | F39: 2026-03-05 | G39: 46081 | I39: 2026-02-28 | J39: PODO_F_908611_20260228T12053 | L39: 신용·체크카드 | M39: 완료 | N39: 농협NH | O39: 최지희 | Q39: 결제 | W39: 영어 무제한 6개월 | Z39: 510600
A40: 39 | B40: 토스 | C40: 포도 | D40: 포도 | E40: im_respeak | F40: 2026-03-05 | G40: 46081 | I40: 2026-02-28 | J40: PODO_F_907056_20260228T11310 | L40: 신용·체크카드 | M40: 완료 | N40: 삼성카드 | O40: 박채은 | Q40: 결제 | W40: 영어 무제한 12개월 | Z40: 948000
A41: 40 | B41: 토스 | C41: 포도 | D41: 포도 | E41: im_respeak | F41: 2026-03-05 | G41: 46081 | I41: 2026-02-28 | J41: PODO_F_874869_20260228T11282 | L41: 신용·체크카드 | M41: 완료 | N41: 국민카드 | O41: 김미래 | Q41: 결제 | W41: 영어 무제한 3개월 | Z41: 210210
A42: 41 | B42: 토스 | C42: 포도 | D42: 포도 | E42: im_respeak | F42: 2026-03-05 | G42: 46081 | I42: 2026-02-28 | J42: PODO_F_54569_20260228T10172 | L42: 신용·체크카드 | M42: 완료 | N42: 롯데카드 | O42: 오하경 | Q42: 결제 | W42: 일본어 라이트 6개월 | Z42: 447720
A43: 42 | B43: 토스 | C43: 포도 | D43: 포도 | E43: im_respeak | F43: 2026-03-05 | G43: 46081 | I43: 2026-02-28 | J43: PODO_F_908392_20260228T09582 | L43: 신용·체크카드 | M43: 취소 | N43: 신한카드 | O43: 이은영 | Q43: 환불 | W43: 일본어 프리미엄 12개월 | Z43: -1567000
... A67: 66 | B67: 토스 | C67: 콘텐츠 | D67: 콘텐츠 | E67: im_mylight | F67: 2026-03-05 | G67: 46081 | I67: 2026-02-28 | J67: imp_282860967677 | L67: 신용·체크카드 | M67: 완료 | N67: 현대카드 | O67: 윤희(Lucy) | Q67: 결제 | W67: 더빙 성우 데뷔 학습지 (평생 / 실물) | Z67: 590600
A68: 67 | B68: 토스 | C68: 콘텐츠 | D68: 콘텐츠 | E68: im_mylight | F68: 2026-03-05 | G68: 46081 | I68: 2026-02-28 | J68: imp_659871820609 | L68: 신용·체크카드 | M68: 완료 | N68: 농협NH | O68: 김민희 | Q68: 결제 | S68: =VLOOKUP(J69,얼리버드!$A$2:$B$243,2,0) | W68: 2차 얼리버드)[올인원 패키지] 숏폼부터 브이로그까지, 복붙하면 완성되는 영상 치트키 | Z68: 259000
A69: 68 | B69: 토스 | C69: 콘텐츠 | D69: 콘텐츠 | E69: im_mylight | F69: 2026-03-05 | G69: 46081 | I69: 2026-02-28 | J69: imp_028429849753 | L69: 신용·체크카드 | M69: 완료 | N69: 국민카드 | O69: GRACE | Q69: 결제 | W69: 2차 얼리버드)100만 조회수 터지는 AI 수익화 | Z69: 189000
A70: 69 | B70: 토스 | C70: 콘텐츠 | D70: 콘텐츠 | E70: im_mylight | F70: 2026-03-05 | G70: 46081 | I70: 2026-02-28 | J70: imp_428275984112 | L70: 신용·체크카드 | M70: 완료 | N70: 삼성카드 | O70: 변선영 | Q70: 결제 | W70: [실전] 수키도키의 문구 작가 데뷔 프로젝트 | Z70: 299000
A71: 70 | B71: 토스 | C71: 콘텐츠 | D71: 콘텐츠 | E71: im_mylight | F71: 2026-03-05 | G71: 46081 | I71: 2026-02-28 | J71: imp_865021684327 | L71: 신용·체크카드 | M71: 완료 | N71: 신한카드 | O71: 최미나 | Q71: 결제 | W71: [올인원 패키지] 나의 하루를 담은 시쓰기 | Z71: 269000
A72: 71 | B72: 토스 | C72: 콘텐츠 | D72: 콘텐츠 | E72: im_mylight | F72: 2026-03-05 | G72: 46081 | I72: 2026-02-28 | J72: imp_679725060681 | L72: 신용·체크카드 | M72: 완료 | N72: 삼성카드 | O72: 최원 | Q72: 결제 | R72: =VLOOKUP(J73,현물출고!$A$2:$C$100,3,0) | W72: [데뷔 패키지] 방구석 DJ 패키지 | Z72: 399000
A73: 72 | B73: 토스 | C73: 콘텐츠 | D73: 콘텐츠 | E73: im_mylight | F73: 2026-03-05 | G73: 46081 | I73: 2026-02-28 | J73: imp_733522077343 | L73: 신용·체크카드 | M73: 완료 | N73: 하나카드 | O73: 연승민 | Q73: 결제 | W73: [베이직 패키지] 나의 하루를 담은 시쓰기 | Z73: 179000
A74: 73 | B74: 토스 | C74: 콘텐츠 | D74: 콘텐츠 | E74: im_mylight | F74: 2026-03-05 | G74: 46081 | I74: 2026-02-28 | J74: imp_788971061451 | L74: 신용·체크카드 | M74: 완료 | N74: 농협NH | O74: ANNIE&#128075; | Q74: 결제 | W74: [재테크 입문 패키지] 부자마녀의 재테크 학습지 | Z74: 109000
A75: 74 | B75: 토스 | C75: 마이라이트 | D75: 자체브랜드 | E75: im_mylight | F75: 2026-03-05 | G75: 46081 | I75: 2026-02-28 | J75: imp_877984585131 | L75: 신용·체크카드 | M75: 완료 | N75: 현대카드 | O75: 조남희 | Q75: 결제 | W75: 귀멸의 칼날 콜라보 일본어 패키지 | Z75: 415000
A76: 75 | B76: 토스 | C76: 마이라이트 | D76: 자체브랜드 | E76: im_mylight | F76: 2026-03-05 | G76: 46081 | I76: 2026-02-28 | J76: imp_017526360716 | L76: 신용·체크카드 | M76: 완료 | N76: 현대카드 | O76: . | Q76: 결제 | W76: 이세영의 성형 일본어 Zero 디지털 학습지 | Z76: 144000
A77: 76 | B77: 토스 | C77: 마이라이트 | D77: 자체브랜드 | E77: im_mylight | F77: 2026-03-05 | G77: 46081 | I77: 2026-02-28 | J77: imp_053177799233 | L77: 신용·체크카드 | M77: 완료 | N77: 롯데카드 | O77: 김지유 | Q77: 결제 | W77: 가벼운 영어 베이직 패키지 | Z77: 250000
A78: 77 | B78: 토스 | C78: 마이라이트 | D78: 자체브랜드 | E78: im_mylight | F78: 2026-03-05 | G78: 46081 | I78: 2026-02-28 | J78: imp_480220778978 | L78: 신용·체크카드 | M78: 완료 | N78: 롯데카드 | O78: 홍지우 | Q78: 결제 | W78: 독일어 슈퍼팩 (평생수강, 회화팩 포함) | Z78: 326500
A79: 78 | B79: 토스 | C79: 콘텐츠 | D79: 콘텐츠 | E79: im_mylight | F79: 2026-03-05 | G79: 46081 | I79: 2026-02-28 | J79: imp_040028176339 | L79: 신용·체크카드 | M79: 완료 | N79: 우리카드 | O79: 해인&#10084; | Q79: 결제 | W79: 흥버튼의 스피치 학습지: 평생소장 패키지 | Z79: 184590
A80: 79 | B80: 토스 | C80: 콘텐츠 | D80: 콘텐츠 | E80: im_mylight | F80: 2026-03-05 | G80: 46081 | I80: 2026-02-28 | J80: imp_591023109248 | L80: 신용·체크카드 | M80: 완료 | N80: 국민카드 | O80: 이영준 | Q80: 결제 | R80: 2월출고 | W80: [행운선물 패키지] 김경필의 재테크 로드맵 학습지 | Z80: 251100
A81: 80 | B81: 토스 | C81: 마이라이트 | D81: 자체브랜드 | E81: im_mylight | F81: 2026-03-05 | G81: 46081 | I81: 2026-02-28 | J81: imp_633508868206 | L81: 신용·체크카드 | M81: 완료 | N81: 신한카드 | O81: 혜진 | Q81: 결제 | W81: 가벼운 영어 프리미엄 패키지 | Z81: 340000
A82: 81 | B82: 토스 | C82: 콘텐츠 | D82: 콘텐츠 | E82: im_mylight | F82: 2026-03-05 | G82: 46081 | I82: 2026-02-28 | J82: imp_133291404739 | L82: 신용·체크카드 | M82: 완료 | N82: 국민카드 | O82: 이영준 | Q82: 결제 | R82: =VLOOKUP(J83,현물출고!$A$2:$C$100,3,0) | W82: [올인원 패키지] 방구석 일렉기타리스트 학습지 | Z82: 569000
A83: 82 | B83: 토스 | C83: 콘텐츠 | D83: 콘텐츠 | E83: im_mylight | F83: 2026-03-05 | G83: 46081 | I83: 2026-02-28 | J83: imp_551902246807 | L83: 신용·체크카드 | M83: 완료 | N83: 농협NH | O83: lysooo | Q83: 결제 | W83: 경제신문리딩 챌린지 실물 학습지(습관클럽) | Z83: 129000
A84: 83 | B84: 토스 | C84: 마이라이트 | D84: 자체브랜드 | E84: im_mylight | F84: 2026-03-05 | G84: 46081 | I84: 2026-02-28 | J84: imp_312639121297 | L84: 신용·체크카드 | M84: 완료 | N84: 삼성카드 | O84: 유정호 | Q84: 결제 | W84: 가벼운 일본어 챌린지 패키지 | Z84: 390000
A85: 84 | B85: 토스 | C85: 콘텐츠 | D85: 콘텐츠 | E85: im_mylight | F85: 2026-03-05 | G85: 46081 | I85: 2026-02-28 | J85: imp_114860642856 | L85: 신용·체크카드 | M85: 완료 | N85: 국민카드 | O85: 최지영 | Q85: 결제 | W85: 하루 15분, 통기타 학습지 실물 패키지(실물, 평생) | Z85: 240500
A86: 85 | B86: 토스 | C86: 콘텐츠 | D86: 콘텐츠 | E86: im_mylight | F86: 2026-03-05 | G86: 46081 | I86: 2026-02-28 | J86: imp_955708675349 | L86: 신용·체크카드 | M86: 완료 | N86: 신한카드 | O86: ANNIE&#128075; | Q86: 결제 | W86: 경제신문리딩 챌린지 실물 학습지(습관클럽) | Z86: 129000
A87: 86 | B87: 토스 | C87: 마이라이트 | D87: 자체브랜드 | E87: im_mylight | F87: 2026-03-05 | G87: 46081 | I87: 2026-02-28 | J87: imp_172285405273 | L87: 신용·체크카드 | M87: 완료 | N87: 국민카드 | O87: 아영 | Q87: 결제 | W87: 가벼운 일본어 챌린지 패키지 | Z87: 360000
A88: 87 | B88: 토스 | C88: 콘텐츠 | D88: 콘텐츠 | E88: im_mylight | F88: 2026-03-05 | G88: 46081 | I88: 2026-02-28 | J88: imp_092301999418 | L88: 신용·체크카드 | M88: 완료 | N88: 하나카드 | O88: 이정현 | Q88: 결제 | W88: 흥버튼의 스피치 학습지: 평생소장 패키지 | Z88: 184590
A89: 88 | B89: 토스 | C89: 콘텐츠 | D89: 콘텐츠 | E89: im_mylight | F89: 2026-03-05 | G89: 46081 | I89: 2026-02-28 | J89: imp_419888524869 | L89: 신용·체크카드 | M89: 완료 | N89: 하나카드 | O89: 고은경 | Q89: 결제 | S89: =VLOOKUP(J90,얼리버드!$A$2:$B$243,2,0) | W89: 2차 얼리버드)[올인원 패키지] 스마트폰 하나로 좋아요 터지는 촬영 보정 클래스 | Z89: 249000
A90: 89 | B90: 토스 | C90: 콘텐츠 | D90: 콘텐츠 | E90: im_mylight | F90: 2026-03-05 | G90: 46081 | I90: 2026-02-28 | J90: imp_143373196873 | L90: 신용·체크카드 | M90: 완료 | N90: 우리카드 | O90: 이주영 | Q90: 결제 | W90: [라이브 전용] 크몽 1% 상담사에게 배우는 사주 상담 수익화 | Z90: 309000
A91: 90 | B91: 토스 | C91: 콘텐츠 | D91: 콘텐츠 | E91: im_mylight | F91: 2026-03-05 | G91: 46081 | I91: 2026-02-28 | J91: imp_972752525902 | L91: 신용·체크카드 | M91: 완료 | N91: 국민카드 | O91: 정경아 | Q91: 결제 | W91: [월급쟁이 탈출 패키지] 경제 읽기 + 재테크 로드맵 | Z91: 358000
A92: 91 | B92: 토스 | C92: 마이라이트 | D92: 자체브랜드 | E92: im_mylight | F92: 2026-03-05 | G92: 46081 | I92: 2026-02-28 | J92: imp_595779964469 | L92: 신용·체크카드 | M92: 완료 | N92: 신한카드 | O92: 주은 | Q92: 결제 | W92: 명탐정 코난 여행 일본어 풀패키지 | Z92: 420000
A93: 92 | B93: 토스 | C93: 마이라이트 | D93: 자체브랜드 | E93: im_mylight | F93: 2026-03-05 | G93: 46081 | I93: 2026-02-28 | J93: imp_135451241122 | L93: 신용·체크카드 | M93: 완료 | N93: 현대카드 | O93: 최민기 | Q93: 결제 | W93: 가벼운 일본어 프리미엄 패키지 | Z93: 370000
A94: 93 | B94: 토스 | C94: 콘텐츠 | D94: 콘텐츠 | E94: im_mylight | F94: 2026-03-05 | G94: 46081 | I94: 2026-02-28 | J94: imp_619835645546 | L94: 신용·체크카드 | M94: 완료 | N94: 현대카드 | O94: 김진훈 | Q94: 결제 | R94: 4월출고 | S94: =VLOOKUP(J95,얼리버드!$A$2:$B$243,2,0) | W94: 슈퍼 얼리버드)[올인원 패키지] 411만 유튜버 3D펜 장인, 사나고의 3D펜 공방 | Z94: 399000
A95: 94 | B95: 토스 | C95: 마이라이트 | D95: 자체브랜드 | E95: im_mylight | F95: 2026-03-05 | G95: 46081 | I95: 2026-02-28 | J95: imp_153708354336 | L95: 신용·체크카드 | M95: 완료 | N95: 현대카드 | O95: 구나은 | Q95: 결제 | W95: 가벼운 중국어 챌린지 패키지 | Z95: 365000
A96: 95 | B96: 토스 | C96: 콘텐츠 | D96: 콘텐츠 | E96: im_mylight | F96: 2026-03-05 | G96: 46081 | I96: 2026-02-28 | J96: imp_568247247353 | L96: 신용·체크카드 | M96: 완료 | N96: 하나카드 | O96: 안수빈 | Q96: 결제 | W96: [올인원 패키지]4주 완성 상세페이지 디자인 부업 학습지 (평생+실물) | Z96: 289000
A97: 96 | B97: 토스 | C97: 콘텐츠 | D97: 콘텐츠 | E97: im_mylight | F97: 2026-03-05 | G97: 46081 | I97: 2026-02-28 | J97: imp_411948327982 | L97: 신용·체크카드 | M97: 완료 | N97: 롯데카드 | O97: 이정욱 | Q97: 결제 | W97: [수익화]인물 사진 보정 학습지 패키지 | Z97: 269000
A98: 97 | B98: 토스 | C98: 마이라이트 | D98: 자체브랜드 | E98: im_mylight | F98: 2026-03-05 | G98: 46081 | I98: 2026-02-28 | J98: imp_716500140451 | L98: 신용·체크카드 | M98: 완료 | N98: 신한카드 | O98: 홍찬의 | Q98: 결제 | W98: 가벼운 일본어 챌린지 패키지 | Z98: 360000
A99: 98 | B99: 토스 | C99: 콘텐츠 | D99: 콘텐츠 | E99: im_mylight | F99: 2026-03-05 | G99: 46081 | I99: 2026-02-28 | J99: imp_849180038804 | L99: 신용·체크카드 | M99: 완료 | N99: 삼성카드 | O99: 계민전 | Q99: 결제 | W99: 흥버튼의 스피치 학습지: 평생소장 패키지 | Z99: 184590
A100: 99 | B100: 토스 | C100: 콘텐츠 | D100: 콘텐츠 | E100: im_mylight | F100: 2026-03-05 | G100: 46081 | I100: 2026-02-28 | J100: imp_160900351695 | L100: 신용·체크카드 | M100: 완료 | N100: 현대카드 | O100: 조효린 | Q100: 결제 | R100: 4월출고 | S100: =VLOOKUP(J101,얼리버드!$A$2:$B$243,2,0) | W100: 슈퍼 얼리버드)[올인원 패키지] 411만 유튜버 3D펜 장인, 사나고의 3D펜 공방 | Z100: 399000
A101: 100 | B101: 토스 | C101: 마이라이트 | D101: 자체브랜드 | E101: im_mylight | F101: 2026-03-05 | G101: 46081 | I101: 2026-02-28 | J101: imp_339683054865 | L101: 신용·체크카드 | M101: 완료 | N101: 국민카드 | O101: 나영 | Q101: 결제 | W101: 짱구는 못말려 콜라보 일본어 패키지 | Z101: 429000
A102: 101 | B102: 토스 | C102: 마이라이트 | D102: 자체브랜드 | E102: im_mylight | F102: 2026-03-05 | G102: 46081 | I102: 2026-02-28 | J102: imp_658198024291 | L102: 신용·체크카드 | M102: 완료 | N102: 신한카드 | O102: 조성완 | Q102: 결제 | W102: 이탈리아어 슈퍼팩 (평생소장) | Z102: 353000
A103: 102 | B103: 토스 | C103: 마이라이트 | D103: 자체브랜드 | E103: im_mylight | F103: 2026-03-05 | G103: 46081 | I103: 2026-02-28 | J103: imp_507222561546 | L103: 신용·체크카드 | M103: 완료 | N103: 삼성카드 | O103: 김성훈 | Q103: 결제 | W103: 가벼운 일본어 챌린지 패키지 | Z103: 390000
A104: 103 | B104: 토스 | C104: 콘텐츠 | D104: 콘텐츠 | E104: im_mylight | F104: 2026-03-05 | G104: 46081 | I104: 2026-02-28 | J104: imp_248542752038 | L104: 신용·체크카드 | M104: 완료 | N104: 현대카드 | O104: 김도현 | Q104: 결제 | W104: [올인원 패키지] 유튜브 영상 편집 부업 [2026 실전 마스터] | Z104: 409000
A105: 104 | B105: 토스 | C105: 콘텐츠 | D105: 콘텐츠 | E105: im_mylight | F105: 2026-03-05 | G105: 46081 | I105: 2026-02-28 | J105: imp_972768266959 | L105: 신용·체크카드 | M105: 완료 | N105: 현대카드 | O105: 리플라 | Q105: 결제 | W105: 경제신문리딩 챌린지 실물 학습지(습관클럽) | Z105: 129000
A106: 105 | B106: 토스 | C106: 콘텐츠 | D106: 콘텐츠 | E106: im_mylight | F106: 2026-03-05 | G106: 46081 | I106: 2026-02-28 | J106: imp_097134674832 | L106: 신용·체크카드 | M106: 완료 | N106: 하나카드 | O106: 김보아 | Q106: 결제 | R106: =VLOOKUP(J107,현물출고!$A$2:$C$100,3,0) | W106: [올인원 패키지] 방구석 일렉기타리스트 학습지 | Z106: 569000
A107: 106 | B107: 토스 | C107: 마이라이트 | D107: 자체브랜드 | E107: im_mylight | F107: 2026-03-05 | G107: 46081 | I107: 2026-02-28 | J107: imp_593810233904 | L107: 신용·체크카드 | M107: 완료 | N107: 현대카드 | O107: 손지우 | Q107: 결제 | W107: 가벼운 일본어 챌린지 패키지 | Z107: 360000
A108: 107 | B108: 토스 | C108: 콘텐츠 | D108: 콘텐츠 | E108: im_mylight | F108: 2026-03-05 | G108: 46081 | I108: 2026-02-28 | J108: imp_800951271243 | L108: 신용·체크카드 | M108: 완료 | N108: 신한카드 | O108: 최진경 | Q108: 결제 | R108: 2월출고 | W108: [올인원 패키지] 재봉틀로 만드는 나만의 소품 학습지 | Z108: 519000
A109: 108 | B109: 토스 | C109: 콘텐츠 | D109: 콘텐츠 | E109: im_mylight | F109: 2026-03-05 | G109: 46081 | I109: 2026-02-28 | J109: imp_767184419618 | L109: 신용·체크카드 | M109: 완료 | N109: 현대카드 | O109: 나윤 | Q109: 결제 | W109: [실전] 수키도키의 문구 작가 데뷔 프로젝트 | Z109: 329000
A110: 109 | B110: 토스 | C110: 콘텐츠 | D110: 콘텐츠 | E110: im_mylight | F110: 2026-03-05 | G110: 46081 | I110: 2026-02-28 | J110: imp_029157267241 | L110: 신용·체크카드 | M110: 완료 | N110: 삼성카드 | O110: 장 혜원 | Q110: 결제 | S110: =VLOOKUP(J111,얼리버드!$A$2:$B$243,2,0) | W110: 2차 얼리버드)[올인원 패키지] 숏폼부터 브이로그까지, 복붙하면 완성되는 영상 치트키 | Z110: 259000
A111: 110 | B111: 토스 | C111: 마이라이트 | D111: 자체브랜드 | E111: im_mylight | F111: 2026-03-05 | G111: 46081 | I111: 2026-02-28 | J111: imp_787287432673 | L111: 신용·체크카드 | M111: 완료 | N111: 현대카드 | O111: 노희원 | Q111: 결제 | W111: 가벼운 일본어 챌린지 패키지 | Z111: 355000
A112: 111 | B112: 토스 | C112: 콘텐츠 | D112: 콘텐츠 | E112: im_mylight | F112: 2026-03-05 | G112: 46081 | I112: 2026-02-28 | J112: imp_249752468348 | L112: 신용·체크카드 | M112: 완료 | N112: 국민카드 | O112: 김다영 | Q112: 결제 | W112: [데뷔 패키지] 디지털 굿즈 작가 데뷔 학습지 (PDF) | Z112: 339000
A113: 112 | B113: 토스 | C113: 콘텐츠 | D113: 콘텐츠 | E113: im_mylight | F113: 2026-03-05 | G113: 46081 | I113: 2026-02-28 | J113: imp_605079424466 | L113: 신용·체크카드 | M113: 완료 | N113: 현대카드 | O113: 김새푸름 | Q113: 결제 | W113: 흥버튼의 스피치 학습지: 평생소장 패키지 | Z113: 184590
A114: 113 | B114: 토스 | C114: 마이라이트 | D114: 자체브랜드 | E114: im_mylight | F114: 2026-03-05 | G114: 46081 | I114: 2026-02-28 | J114: imp_933043036752 | L114: 신용·체크카드 | M114: 완료 | N114: 삼성카드 | O114: 이종현 | Q114: 결제 | W114: 가벼운 일본어 베이직 패키지 | Z114: 280000
A115: 114 | B115: 토스 | C115: 콘텐츠 | D115: 콘텐츠 | E115: im_mylight | F115: 2026-03-05 | G115: 46081 | I115: 2026-02-28 | J115: imp_881733681051 | L115: 신용·체크카드 | M115: 완료 | N115: 국민카드 | O115: 이정란 | Q115: 결제 | S115: =VLOOKUP(J116,얼리버드!$A$2:$B$243,2,0) | W115: 슈퍼 얼리버드)[올인원 패키지] 퇴근이 3배 더 빨라지는 제미나이 초고속 업무 자동화 | Z115: 169000
A116: 115 | B116: 토스 | C116: 콘텐츠 | D116: 콘텐츠 | E116: im_mylight | F116: 2026-03-05 | G116: 46081 | I116: 2026-02-28 | J116: imp_554848409037 | L116: 가상계좌 | M116: 완료 | N116: 국민 | O116: 김찬호 | Q116: 결제 | W116: [코칭패키지]작사가 데뷔 학습지 (평생+실물) | Z116: 339000
A117: 116 | B117: 토스 | C117: 콘텐츠 | D117: 콘텐츠 | E117: im_mylight | F117: 2026-03-05 | G117: 46081 | I117: 2026-02-28 | J117: imp_516621424746 | L117: 신용·체크카드 | M117: 완료 | N117: 신한카드 | O117: 김슬기 | Q117: 결제 | R117: 2월출고 | W117: [올인원 패키지] 재봉틀로 만드는 나만의 소품 학습지 | Z117: 519000
A118: 117 | B118: 토스 | C118: 콘텐츠 | D118: 콘텐츠 | E118: im_mylight | F118: 2026-03-05 | G118: 46081 | I118: 2026-02-28 | J118: imp_997435262774 | L118: 신용·체크카드 | M118: 완료 | N118: 삼성카드 | O118: Rin | Q118: 결제 | R118: 4월출고 | S118: =VLOOKUP(J119,얼리버드!$A$2:$B$243,2,0) | W118: 슈퍼 얼리버드)[올인원 패키지] 411만 유튜버 3D펜 장인, 사나고의 3D펜 공방 | Z118: 379000
A119: 118 | B119: 토스 | C119: 콘텐츠 | D119: 콘텐츠 | E119: im_mylight | F119: 2026-03-05 | G119: 46081 | I119: 2026-02-28 | J119: imp_792150038472 | L119: 신용·체크카드 | M119: 완료 | N119: 농협NH | O119: J | Q119: 결제 | S119: =VLOOKUP(J120,얼리버드!$A$2:$B$243,2,0) | W119: 2차 얼리버드)[올인원 패키지] 숏폼부터 브이로그까지, 복붙하면 완성되는 영상 치트키 | Z119: 259000
A120: 119 | B120: 토스 | C120: 마이라이트 | D120: 자체브랜드 | E120: im_mylight | F120: 2026-03-05 | G120: 46081 | I120: 2026-02-28 | J120: imp_485020650107 | L120: 가상계좌 | M120: 완료 | N120: 국민 | O120: 시현 | Q120: 결제 | W120: 가벼운 일본어 베이직 패키지 | Z120: 280000
A121: 120 | B121: 토스 | C121: 콘텐츠 | D121: 콘텐츠 | E121: im_mylight | F121: 2026-03-05 | G121: 46081 | I121: 2026-02-28 | J121: imp_790699423304 | L121: 신용·체크카드 | M121: 완료 | N121: 신한카드 | O121: 미경 | Q121: 결제 | R121: =VLOOKUP(J122,현물출고!$A$2:$C$100,3,0) | W121: [BEST] 방구석 DJ 취미 패키지 (파이오니아 장비) (평생+PDF) | Z121: 514000
A122: 121 | B122: 토스 | C122: 콘텐츠 | D122: 콘텐츠 | E122: im_mylight | F122: 2026-03-05 | G122: 46081 | I122: 2026-02-28 | J122: imp_098425545541 | L122: 가상계좌 | M122: 완료 | N122: 농협 | O122: 100억 | Q122: 결제 | W122: 데뷔 트로트 작사비법 (평생+코칭권 1회) | Z122: 429000
A123: 122 | B123: 토스 | C123: 마이라이트 | D123: 자체브랜드 | E123: im_mylight | F123: 2026-03-05 | G123: 46081 | I123: 2026-02-28 | J123: imp_284017551600 | L123: 신용·체크카드 | M123: 완료 | N123: 국민카드 | O123: 김무 | Q123: 결제 | W123: 가벼운 일본어 챌린지 패키지 | Z123: 390000
A124: 123 | B124: 토스 | C124: 마이라이트 | D124: 자체브랜드 | E124: im_mylight | F124: 2026-03-05 | G124: 46081 | I124: 2026-02-28 | J124: imp_731990249688 | L124: 신용·체크카드 | M124: 완료 | N124: 삼성카드 | O124: 김승태 | Q124: 결제 | W124: 가벼운 일본어 챌린지 패키지 | Z124: 360000
A125: 124 | B125: 토스 | C125: 콘텐츠 | D125: 콘텐츠 | E125: im_mylight | F125: 2026-03-05 | G125: 46081 | I125: 2026-02-28 | J125: imp_021432077936 | L125: 가상계좌 | M125: 완료 | N125: 농협 | O125: kangseeun♥ | Q125: 결제 | W125: [베이직 패키지] 이모티콘 작가 데뷔 학습지 | Z125: 143100
A126: 125 | B126: 토스 | C126: 콘텐츠 | D126: 콘텐츠 | E126: im_mylight | F126: 2026-03-05 | G126: 46081 | I126: 2026-02-28 | J126: imp_183079796831 | L126: 신용·체크카드 | M126: 완료 | N126: 국민카드 | O126: 지은:D | Q126: 결제 | S126: =VLOOKUP(J127,얼리버드!$A$2:$B$243,2,0) | W126: 2차 얼리버드)[올인원 패키지] 스마트폰 하나로 좋아요 터지는 촬영 보정 클래스 | Z126: 259000
A127: 126 | B127: 토스 | C127: 콘텐츠 | D127: 콘텐츠 | E127: im_mylight | F127: 2026-03-05 | G127: 46081 | I127: 2026-02-28 | J127: imp_535959853737 | L127: 신용·체크카드 | M127: 완료 | N127: 국민카드 | O127: ktk | Q127: 결제 | S127: =VLOOKUP(J128,얼리버드!$A$2:$B$243,2,0) | W127: 2차 얼리버드)[올인원 패키지] 쑥 작가의 에세이툰 입문: 생각을 콘텐츠로 바꾸는 법 | Z127: 299000
A128: 127 | B128: 토스 | C128: 마이라이트 | D128: 자체브랜드 | E128: im_mylight | F128: 2026-03-05 | G128: 46081 | I128: 2026-02-28 | J128: imp_920850365329 | L128: 신용·체크카드 | M128: 완료 | N128: 국민카드 | O128: 장선희 | Q128: 결제 | W128: 가벼운 일본어 프리미엄 패키지 | Z128: 360000
A129: 128 | B129: 토스 | C129: 콘텐츠 | D129: 콘텐츠 | E129: im_mylight | F129: 2026-03-05 | G129: 46081 | I129: 2026-02-28 | J129: imp_905517916968 | L129: 신용·체크카드 | M129: 완료 | N129: 삼성카드 | O129: 서지효 | Q129: 결제 | R129: 4월출고 | S129: =VLOOKUP(J130,얼리버드!$A$2:$B$243,2,0) | W129: 슈퍼 얼리버드)[올인원 패키지] 411만 유튜버 3D펜 장인, 사나고의 3D펜 공방 | Z129: 399000
A130: 129 | B130: 토스 | C130: 콘텐츠 | D130: 콘텐츠 | E130: im_mylight | F130: 2026-03-05 | G130: 46081 | I130: 2026-02-28 | J130: imp_860082589979 | L130: 신용·체크카드 | M130: 완료 | N130: 현대카드 | O130: 강보라 &#129325; | Q130: 결제 | S130: =VLOOKUP(J131,얼리버드!$A$2:$B$243,2,0) | W130: 2차 얼리버드)[올인원 패키지] 스마트폰 하나로 좋아요 터지는 촬영 보정 클래스 | Z130: 259000
A131: 130 | B131: 토스 | C131: 콘텐츠 | D131: 콘텐츠 | E131: im_mylight | F131: 2026-03-05 | G131: 46081 | I131: 2026-02-28 | J131: imp_937610192544 | L131: 신용·체크카드 | M131: 완료 | N131: 삼성카드 | O131: 유인식 | Q131: 결제 | W131: [올인원 패키지] 나의 하루를 담은 시쓰기 | Z131: 269000
A132: 131 | B132: 토스 | C132: 콘텐츠 | D132: 콘텐츠 | E132: im_mylight | F132: 2026-03-05 | G132: 46081 | I132: 2026-02-28 | J132: imp_679804520980 | L132: 신용·체크카드 | M132: 완료 | N132: 롯데카드 | O132: &#695;&#7506;ⁿ&#8305; &#128330;&#65039; | Q132: 결제 | S132: =VLOOKUP(J133,얼리버드!$A$2:$B$243,2,0) | W132: 2차 얼리버드)[올인원 패키지] 쑥 작가의 에세이툰 입문: 생각을 콘텐츠로 바꾸는 법 | Z132: 299000
A133: 132 | B133: 토스 | C133: 콘텐츠 | D133: 콘텐츠 | E133: im_mylight | F133: 2026-03-05 | G133: 46081 | I133: 2026-02-28 | J133: imp_872766172849 | L133: 신용·체크카드 | M133: 완료 | N133: 현대카드 | O133: 이은제 | Q133: 결제 | W133: AI동화작가 학습지 (유통 보장) | Z133: 500100
A134: 133 | B134: 토스 | C134: 콘텐츠 | D134: 콘텐츠 | E134: im_mylight | F134: 2026-03-05 | G134: 46081 | I134: 2026-02-28 | J134: imp_113929984846 | L134: 신용·체크카드 | M134: 완료 | N134: 비씨카드 | O134: 민세라 | Q134: 결제 | S134: =VLOOKUP(J135,얼리버드!$A$2:$B$243,2,0) | W134: 2차 얼리버드)[올인원 패키지] 숏폼부터 브이로그까지, 복붙하면 완성되는 영상 치트키 | Z134: 249000
A135: 134 | B135: 토스 | C135: 마이라이트 | D135: 자체브랜드 | E135: im_mylight | F135: 2026-03-05 | G135: 46081 | I135: 2026-02-28 | J135: imp_727787066405 | L135: 신용·체크카드 | M135: 완료 | N135: 신한카드 | O135: 박수학 | Q135: 결제 | W135: 가벼운 중국어 베이직 패키지 | Z135: 345000
A136: 135 | B136: 토스 | C136: 콘텐츠 | D136: 콘텐츠 | E136: im_mylight | F136: 2026-03-05 | G136: 46081 | I136: 2026-02-28 | J136: imp_322508055223 | L136: 신용·체크카드 | M136: 완료 | N136: 현대카드 | O136: 이유림 | Q136: 결제 | W136: 재테크 입문 ETF 학습지 온라인 패키지 (PDF, 평생) | Z136: 199100
A137: 136 | B137: 토스 | C137: 콘텐츠 | D137: 콘텐츠 | E137: im_mylight | F137: 2026-03-05 | G137: 46081 | I137: 2026-02-28 | J137: imp_735029621728 | L137: 신용·체크카드 | M137: 완료 | N137: 신한카드 | O137: 이진호 | Q137: 결제 | R137: =VLOOKUP(J138,현물출고!$A$2:$C$100,3,0) | W137: [데뷔 패키지] 방구석 DJ 패키지 | Z137: 399000
A138: 137 | B138: 토스 | C138: 콘텐츠 | D138: 콘텐츠 | E138: im_mylight | F138: 2026-03-05 | G138: 46081 | I138: 2026-02-28 | J138: imp_521815905369 | L138: 신용·체크카드 | M138: 완료 | N138: 삼성카드 | O138: 혜진 | Q138: 결제 | R138: =VLOOKUP(J139,현물출고!$A$2:$C$100,3,0) | W138: 문구작가 수익화 프로젝트 [iPad 올인원 패키지] | Z138: 938440
A139: 138 | B139: 토스 | C139: 콘텐츠 | D139: 콘텐츠 | E139: im_mylight | F139: 2026-03-05 | G139: 46081 | I139: 2026-02-28 | J139: imp_959532159005 | L139: 신용·체크카드 | M139: 완료 | N139: 현대카드 | O139: Heera | Q139: 결제 | W139: [실전] 수키도키의 문구 작가 데뷔 프로젝트 | Z139: 319000
A140: 139 | B140: 토스 | C140: 콘텐츠 | D140: 콘텐츠 | E140: im_mylight | F140: 2026-03-05 | G140: 46081 | I140: 2026-02-28 | J140: imp_184205096313 | L140: 신용·체크카드 | M140: 완료 | N140: 신한카드 | O140: 손예현 | Q140: 결제 | W140: [올인원 패키지]4주 완성 상세페이지 디자인 부업 학습지 (평생+실물) | Z140: 289000
...

Sheet MCP_TABLE_20260606_0000
A1: MCP Formula Table | C1: Generated by Spreadsheet formula-table builder
A2: 브랜드 | B2: 신용·체크카드 | C2: 가상계좌
A3: 유하다요 | B3: =IFERROR(SUMIFS('결제상세'!$Z$2:$Z$120,'결제상세'!$D$2:$D$120,$A3,'결제상세'!$L$2:$L$120,B$2),0) | C3: =IFERROR(SUMIFS('결제상세'!$Z$2:$Z$120,'결제상세'!$D$2:$D$120,$A3,'결제상세'!$L$2:$L$120,C$2),0)
A4: 포도 | B4: =IFERROR(SUMIFS('결제상세'!$Z$2:$Z$120,'결제상세'!$D$2:$D$120,$A4,'결제상세'!$L$2:$L$120,B$2),0) | C4: =IFERROR(SUMIFS('결제상세'!$Z$2:$Z$120,'결제상세'!$D$2:$D$120,$A4,'결제상세'!$L$2:$L$120,C$2),0)
A5: 뉴스프레소 | B5: =IFERROR(SUMIFS('결제상세'!$Z$2:$Z$120,'결제상세'!$D$2:$D$120,$A5,'결제상세'!$L$2:$L$120,B$2),0) | C5: =IFERROR(SUMIFS('결제상세'!$Z$2:$Z$120,'결제상세'!$D$2:$D$120,$A5,'결제상세'!$L$2:$L$120,C$2),0)
A6: 콘텐츠 | B6: =IFERROR(SUMIFS('결제상세'!$Z$2:$Z$120,'결제상세'!$D$2:$D$120,$A6,'결제상세'!$L$2:$L$120,B$2),0) | C6: =IFERROR(SUMIFS('결제상세'!$Z$2:$Z$120,'결제상세'!$D$2:$D$120,$A6,'결제상세'!$L$2:$L$120,C$2),0)
A7: 자체브랜드 | B7: =IFERROR(SUMIFS('결제상세'!$Z$2:$Z$120,'결제상세'!$D$2:$D$120,$A7,'결제상세'!$L$2:$L$120,B$2),0) | C7: =IFERROR(SUMIFS('결제상세'!$Z$2:$Z$120,'결제상세'!$D$2:$D$120,$A7,'결제상세'!$L$2:$L$120,C$2),0)
